TITLE,PRICE,LINK
CZ Gems Embellished Statement Ring,₹799,https://media.voylla.com/fit-in/300x400/filters:max_bytes(18432):format(jpg)/i/1004456/small/cz-gems-embellished-statement-ring-dcjai23736-ms-20201223-8075-ctexdk.jpg
Zircon Gemstones Embellished Ring,₹399,https://media.voylla.com/fit-in/300x400/filters:max_bytes(18432):format(jpg)/i/932248/small/zircon-gemstones-embellished-ring-dcjai23056-ms-20191127-26588-8aknd9.jpg
Two Tone Plated Classic Band Ring,₹719,https://media.voylla.com/fit-in/300x400/filters:max_bytes(18432):format(jpg)/i/1004570/small/two-tone-plated-classic-band-ring-dcjai23761-ms-20201223-5520-75hgm7.jpg
Single CZ Gemstone Adorned Ring,₹399,https://media.voylla.com/fit-in/300x400/filters:max_bytes(18432):format(jpg)/i/1004440/small/single-cz-gemstone-adorned-ring-dcjai23746-ms-20201223-8075-v26pmv.jpg
Five Prong Setting CZ Gemstone Ring,₹499,https://media.voylla.com/fit-in/300x400/filters:max_bytes(18432):format(jpg)/i/1004419/small/five-prong-setting-cz-gemstone-ring-dcjai23730-ms-20201223-8075-ii9z7w.jpg
Designer Inspired Brass Band Ring,₹699,https://media.voylla.com/fit-in/300x400/filters:max_bytes(18432):format(jpg)/i/1004635/small/designer-inspired-brass-band-ring-dcjai23772-ms-20201223-8075-148psyh.jpg
Cutwork Design Band Ring,₹699,https://media.voylla.com/fit-in/300x400/filters:max_bytes(18432):format(jpg)/i/963063/small/cutwork-design-band-ring-dcjai23650-ms-20200125-3207-66v0jd.jpg
Crown Motif Women's Ring,₹449,https://media.voylla.com/fit-in/300x400/filters:max_bytes(18432):format(jpg)/i/962948/small/crown-motif-women-s-ring-dcjai23752-ms-20200125-3207-14ofx4t.jpg
Zircon Adorned Brass Crown Ring,₹649,https://media.voylla.com/fit-in/300x400/filters:max_bytes(18432):format(jpg)/i/1004668/small/zircon-adorned-brass-crown-ring-dcjai23121-ms-20201223-5520-a89yzo.jpg
Zircon Gemstones Adorned Casual Ring,₹389,https://media.voylla.com/fit-in/300x400/filters:max_bytes(18432):format(jpg)/i/925416/small/zircon-gemstones-adorned-casual-ring-dcjai23065-ms-20191105-21585-fn0z2r.jpg
Blue Sapphire (Neelam) 5.25 Ratti Ashtadhatu Rashi Ratna Ring with original Lab Test Certificate,₹949,https://media.voylla.com/fit-in/300x400/filters:max_bytes(18432):format(jpg)/i/794973/small/rashi-ratna-5-25-ratti-blue-sapphire-ring-rsjai20406-ms-20190404-108183-ywkvj3.jpg
Blue Sapphire (Neelam) 3.25 Ratti Ashtadhatu Rashi Ratna Ring with original Lab Test Certificate,₹749,https://media.voylla.com/fit-in/300x400/filters:max_bytes(18432):format(jpg)/i/795011/small/rashi-ratna-3-25-ratti-blue-sapphire-ring-rsjai20405-ms-20190404-12510-197nlzp.jpg
CZ Studded 9 to 5 Ring,₹199,https://media.voylla.com/fit-in/300x400/filters:max_bytes(18432):format(jpg)/i/746278/small/cz-studded-9-to-5-ring-dcjai21478-ms-20180912-4545-6jfjdt.jpg
Aham Brahmasmi Moksh Inscription Ring,₹269,https://media.voylla.com/fit-in/300x400/filters:max_bytes(18432):format(jpg)/i/1004153/small/aham-brahmasmi-moksh-inscription-ring-vmjai43139-ms-20201205-19770-3fvpos.jpg
Zircon Gemstone Adorned Band Ring,₹799,https://media.voylla.com/fit-in/300x400/filters:max_bytes(18432):format(jpg)/i/1004609/small/zircon-gemstone-adorned-band-ring-dcjai23126-ms-20201223-8075-1rqvjau.jpg
Cluster Setting Zircon Gems Ring,₹549,https://media.voylla.com/fit-in/300x400/filters:max_bytes(18432):format(jpg)/i/1004600/small/cluster-setting-zircon-gems-ring-dcjai23680-ms-20201223-8075-dmetsr.jpg
Zircon Gemstones Adorned Designer Inspired Ring,₹699,https://media.voylla.com/fit-in/300x400/filters:max_bytes(18432):format(jpg)/i/1004493/small/zircon-gemstones-adorned-designer-inspired-ring-dcjai23665-ms-20201223-5520-1xukmf7.jpg
Oval Red Gemstones Adorned Ring,₹819,https://media.voylla.com/fit-in/300x400/filters:max_bytes(18432):format(jpg)/i/1004477/small/oval-red-gemstones-adorned-ring-dcjai23129-ms-20201223-5520-wprehw.jpg
Gold Tone CZ Gem Embellished Ring,₹409,https://media.voylla.com/fit-in/300x400/filters:max_bytes(18432):format(jpg)/i/963289/small/gold-tone-cz-gem-embellished-ring-dcjai23525-ms-20200125-4810-1xgqf6t.jpg
Princess Cut CZ Gemstone Ring,₹819,https://media.voylla.com/fit-in/300x400/filters:max_bytes(18432):format(jpg)/i/963633/small/princess-cut-cz-gemstone-ring-dcjai23045-ms-20200125-4810-1hm4yc4.jpg
Designer Inspired Brass Ring,₹599,https://media.voylla.com/fit-in/300x400/filters:max_bytes(18432):format(jpg)/i/963561/small/designer-inspired-brass-ring-1-dcjai23663-ms-20200125-4810-10yqdx2.jpg
Yellow Sapphire (Pukhraj) 5.25 Ratti Ashtadhatu Rashi Ratna Ring with original Lab Test Certificate,₹949,https://media.voylla.com/fit-in/300x400/filters:max_bytes(18432):format(jpg)/i/795064/small/rashi-ratna-5-25-ratti-yellow-sapphire-ring-rsjai20409-ms-20190404-12510-hb5ldm.jpg
Blue Sapphire (Neelam) 7.25 Ratti Ashtadhatu Rashi Ratna Ring with original Lab Test Certificate,"₹1,049",https://media.voylla.com/fit-in/300x400/filters:max_bytes(18432):format(jpg)/i/821802/small/rashi-ratna-7-25-ratti-blue-sapphire-ring-rsjai20407-ms-20190605-16067-dqejau.jpg
Yellow Sapphire (Pukhraj) 7.25 Ratti Ashtadhatu Rashi Ratna Ring with original Lab Test Certificate,"₹1,149",https://media.voylla.com/fit-in/300x400/filters:max_bytes(18432):format(jpg)/i/794933/small/rashi-ratna-7-25-ratti-yellow-sapphire-ring-rsjai20410-ms-20190404-108183-1lihv9y.jpg
Garnet (Gomed) 3.25 Ratti Ashtadhatu Rashi Ratna Ring with original Lab Test Certificate,₹749,https://media.voylla.com/fit-in/300x400/filters:max_bytes(18432):format(jpg)/i/794991/small/rashi-ratna-3-25-ratti-garnet-ring-rsjai20399-ms-20190404-12510-1iarm0k.jpg
Pearl (Moti) 3.25 Ratti Ashtadhatu Rashi Ratna Ring with original Lab Test Certificate,₹649,https://media.voylla.com/fit-in/300x400/filters:max_bytes(18432):format(jpg)/i/794939/small/rashi-ratna-3-25-ratti-pearl-ring-rsjai20393-ms-20190404-12510-1440h1b.jpg
Moksha Mythology Inspired Ring,₹219,https://media.voylla.com/fit-in/300x400/filters:max_bytes(18432):format(jpg)/i/821588/small/moksha-mythology-inspired-ring-vmjai40524-ms-20190605-8612-1gjyr5c.jpg
Love Knots Filigree Design Ring,₹319,https://media.voylla.com/fit-in/300x400/filters:max_bytes(18432):format(jpg)/i/996996/small/love-knots-filigree-design-ring-vmjai42826-ms-20200902-26443-jl7iop.jpg
Crossover Design Brass Ring,₹719,https://media.voylla.com/fit-in/300x400/filters:max_bytes(18432):format(jpg)/i/998586/small/crossover-design-brass-ring-dcjai23744-ms-20200918-16567-35a9ha.jpg
Emerald (Panna) 5.25 Ratti Ashtadhatu Rashi Ratna Ring with original Lab Test Certificate,"₹1,049",https://media.voylla.com/fit-in/300x400/filters:max_bytes(18432):format(jpg)/i/794943/small/rashi-ratna-5-25-ratti-emerald-ring-rsjai20412-ms-20190404-108183-1t7znod.jpg
Emerald (Panna) 3.25 Ratti Ashtadhatu Rashi Ratna Ring with original Lab Test Certificate,₹849,https://media.voylla.com/fit-in/300x400/filters:max_bytes(18432):format(jpg)/i/795022/small/rashi-ratna-3-25-ratti-emerald-ring-rsjai20411-ms-20190404-12510-1nvu8hu.jpg
Ruby (Manik) 5.25 Ratti Ashtadhatu Rashi Ratna Ring with original Lab Test Certificate,₹849,https://media.voylla.com/fit-in/300x400/filters:max_bytes(18432):format(jpg)/i/794981/small/rashi-ratna-5-25-ratti-ruby-ring-rsjai20397-ms-20190404-12510-1cvbifx.jpg
Trendy Gems Adorned Ring,₹339,https://media.voylla.com/fit-in/300x400/filters:max_bytes(18432):format(jpg)/i/812642/small/trendy-gems-adorned-ring-dcjai22689-ms-20190522-17570-12bkcf7.jpg
Mandala Floral Finger Ring,₹219,https://media.voylla.com/fit-in/300x400/filters:max_bytes(18432):format(jpg)/i/866495/small/mandala-floral-finger-ring-vmjai40791-ms-20190723-23450-fjbiaf.jpg
Mandala Tribal Inspired Ring,₹219,https://media.voylla.com/fit-in/300x400/filters:max_bytes(18432):format(jpg)/i/866447/small/mandala-tribal-inspired-ring-vmjai40790-ms-20190723-9163-1ajqudk.jpg
Rava Ball Oxidized Statement Ring,₹579,https://media.voylla.com/fit-in/300x400/filters:max_bytes(18432):format(jpg)/i/1011022/small/rava-ball-oxidized-statement-ring-vmjai43250-ms-20210409-17377-1at403f.jpg
Aham Brahmasmi Shiva’s Third Eye Ring&nbsp;,₹499,https://media.voylla.com/fit-in/300x400/filters:max_bytes(18432):format(jpg)/i/1004120/small/aham-brahmasmi-shiva-s-third-eye-ring-vmjai43129-ms-20201205-19770-enfmqv.jpg
Love Knots Adjustable Statement Ring,₹319,https://media.voylla.com/fit-in/300x400/filters:max_bytes(18432):format(jpg)/i/997122/small/love-knots-adjustable-statement-ring-vmjai42825-ms-20200902-24976-1olietu.jpg
Emerald Cut CZ Gem Ring,₹799,https://media.voylla.com/fit-in/300x400/filters:max_bytes(18432):format(jpg)/i/1005501/small/emerald-cut-cz-gem-ring-2-dcjai23127-ms-20210131-1028-zqyx9t.jpg
Heavily Embellished Women's Cocktail Ring,₹899,https://media.voylla.com/fit-in/300x400/filters:max_bytes(18432):format(jpg)/i/1005493/small/heavily-embellished-women-s-cocktail-ring-dcjai23139-ms-20210131-1028-xmc7kt.jpg
Emerald Cut Zircon Embellished Ring,₹399,https://media.voylla.com/fit-in/300x400/filters:max_bytes(18432):format(jpg)/i/1004480/small/emerald-cut-zircon-embellished-ring-dcjai23778-ms-20201223-8075-1jqkgos.jpg
CZ Gems Adorned Women's Ring,₹479,https://media.voylla.com/fit-in/300x400/filters:max_bytes(18432):format(jpg)/i/1004464/small/cz-gems-adorned-women-s-ring-2-dcjai23774-ms-20201223-8075-wjimvm.jpg
CZ Gems Embellished Chain Ring,₹599,https://media.voylla.com/fit-in/300x400/filters:max_bytes(18432):format(jpg)/i/1004448/small/cz-gems-embellished-chain-ring-dcjai23734-ms-20201223-8075-1ohkew7.jpg
Four Prong Setting CZ Gem Adorned Ring,₹499,https://media.voylla.com/fit-in/300x400/filters:max_bytes(18432):format(jpg)/i/1004704/small/four-prong-setting-cz-gem-adorned-ring-dcjai23749-ms-20201223-5520-1ikjnxr.jpg
Designer Inspired Lightly Embellished Ring,₹599,https://media.voylla.com/fit-in/300x400/filters:max_bytes(18432):format(jpg)/i/963297/small/designer-inspired-lightly-embellished-ring-dcjai23705-ms-20200125-4810-1o74b4o.jpg
Yellow Gold Plated Band Ring,₹409,https://media.voylla.com/fit-in/300x400/filters:max_bytes(18432):format(jpg)/i/962940/small/yellow-gold-plated-band-ring-dcjai23526-ms-20200125-3207-1gdro8u.jpg
Round Cut Zircon Gemstone Adorned Ring,₹279,https://media.voylla.com/fit-in/300x400/filters:max_bytes(18432):format(jpg)/i/963276/small/round-cut-zircon-gemstone-adorned-ring-dcjai23520-ms-20200125-3207-1on9f30.jpg
Princess Cut Zircon Gemstone Ring,₹449,https://media.voylla.com/fit-in/300x400/filters:max_bytes(18432):format(jpg)/i/963260/small/princess-cut-zircon-gemstone-ring-dcjai23766-ms-20200125-3207-7qsf34.jpg
Fidget Floral Motif Open Ring,₹849,https://media.voylla.com/fit-in/300x400/filters:max_bytes(18432):format(jpg)/i/1005507/small/fidget-floral-motif-open-ring-dcjai22790-ms-20210131-13144-1myorqj.jpg
Troika Floral Motifs Open Ring,₹949,https://media.voylla.com/fit-in/300x400/filters:max_bytes(18432):format(jpg)/i/956666/small/troika-floral-motifs-open-ring-dcjai22780-ms-20200109-26483-11bugrs.jpg
Ruby (Manik) 3.25 Ratti Ashtadhatu Rashi Ratna Ring with original Lab Test Certificate,₹749,https://media.voylla.com/fit-in/300x400/filters:max_bytes(18432):format(jpg)/i/794902/small/rashi-ratna-3-25-ratti-ruby-ring-rsjai20396-ms-20190404-108183-1s48ooj.jpg
Pearl (Moti) 5.25 Ratti Ashtadhatu Rashi Ratna Ring with original Lab Test Certificate,₹949,https://media.voylla.com/fit-in/300x400/filters:max_bytes(18432):format(jpg)/i/794877/small/rashi-ratna-5-25-ratti-pearl-ring-rsjai20394-ms-20190404-108183-2ctk3i.jpg
Silver Plated Band Ring,₹409,https://media.voylla.com/fit-in/300x400/filters:max_bytes(18432):format(jpg)/i/812943/small/silver-plated-band-ring-2-dcjai22724-ms-20190523-6887-3vhuxh.jpg
Gemstones Adorned Stars Motifs Ring,₹339,https://media.voylla.com/fit-in/300x400/filters:max_bytes(18432):format(jpg)/i/813022/small/gemstones-adorned-stars-motifs-ring-dcjai22699-ms-20190523-2677-10ioyyg.jpg
Kalbelia Adjustable Statement Ring,₹439,https://media.voylla.com/fit-in/300x400/filters:max_bytes(18432):format(jpg)/i/1004958/small/kalbelia-adjustable-statement-ring-vmjai43175-ms-20210121-16749-4mqgz0.jpg
Evil Eyes Eye Motif Ring,₹409,https://media.voylla.com/fit-in/300x400/filters:max_bytes(18432):format(jpg)/i/1004344/small/evil-eyes-eye-motif-ring-vmjai43078-ms-20201215-20141-5sttqf.jpg
Women's Designer Inspired Band Ring,₹599,https://media.voylla.com/fit-in/300x400/filters:max_bytes(18432):format(jpg)/i/998601/small/women-s-designer-inspired-band-ring-dcjai23773-ms-20200918-24021-s47y6g.jpg
Irregular Cut Zircon Gems Cocktail Ring,₹799,https://media.voylla.com/fit-in/300x400/filters:max_bytes(18432):format(jpg)/i/989190/small/irregular-cut-zircon-gems-cocktail-ring-dcjai23735-ms-20200614-3558-1j218wn.jpg
Single Princess Cut Zircon Gem Adorned Ring,₹979,https://media.voylla.com/fit-in/300x400/filters:max_bytes(18432):format(jpg)/i/1004696/small/single-princess-cut-zircon-gem-adorned-ring-dcjai23755-ms-20201223-5520-17a6awn.jpg
Yellow Gold Plated Grapevine Pattern Ring,₹509,https://media.voylla.com/fit-in/300x400/filters:max_bytes(18432):format(jpg)/i/974849/small/yellow-gold-plated-grapevine-pattern-ring-dcjai23771-ms-20200207-24804-10iu443.jpg
Grapevine Design CZ Gems Adorned Ring,₹509,https://media.voylla.com/fit-in/300x400/filters:max_bytes(18432):format(jpg)/i/974523/small/grapevine-design-cz-gems-adorned-ring-dcjai23722-ms-20200207-3592-15ob1lk.jpg
Silver Plated Designer Inspired Ring,₹389,https://media.voylla.com/fit-in/300x400/filters:max_bytes(18432):format(jpg)/i/974802/small/silver-plated-designer-inspired-ring-1-dcjai23664-ms-20200207-3592-1lhaw08.jpg
Round Cut CZ Gem Adorned Ring,₹249,https://media.voylla.com/fit-in/300x400/filters:max_bytes(18432):format(jpg)/i/973268/small/round-cut-cz-gem-adorned-ring-dcjai23732-ms-20200205-32011-12lxggm.jpg
CZ Gems Embellished Bang Ring,₹349,https://media.voylla.com/fit-in/300x400/filters:max_bytes(18432):format(jpg)/i/1004712/small/cz-gems-embellished-bang-ring-dcjai23719-ms-20201223-5520-1vk9jml.jpg
Temple of Love Tribal Motifs Statement Ring,₹279,https://media.voylla.com/fit-in/300x400/filters:max_bytes(18432):format(jpg)/i/963470/small/temple-of-love-tribal-motifs-statement-ring-vmjai42445-ms-20200125-4810-164b30a.jpg
Women's Lightly Embellished Trendy Ring,₹549,https://media.voylla.com/fit-in/300x400/filters:max_bytes(18432):format(jpg)/i/963198/small/women-s-lightly-embellished-trendy-ring-dcjai23704-ms-20200125-3207-th88cf.jpg
Gulistan Floral Motif Statement Ring,₹249,https://media.voylla.com/fit-in/300x400/filters:max_bytes(18432):format(jpg)/i/956877/small/gulistan-floral-motif-statement-ring-1-vmjai42137-ms-20200109-9931-pztp3i.jpg
Durga Tiger Claw Adjustable Ring,₹179,https://media.voylla.com/fit-in/300x400/filters:max_bytes(18432):format(jpg)/i/918042/small/durga-tiger-nail-adjustable-ring-vmjai42007-ms-20191016-21289-18nizak.jpg
Gems Embellished Double Finger Ring,₹479,https://media.voylla.com/fit-in/300x400/filters:max_bytes(18432):format(jpg)/i/881872/small/gems-embellished-double-finger-ring-dcjai22725-ms-20190808-17353-q49w5j.jpg
Nayantara Circle and Scrolls Statement Ring,₹239,https://media.voylla.com/fit-in/300x400/filters:max_bytes(18432):format(jpg)/i/881993/small/nayantara-circle-and-scrolls-statement-ring-vmjai41659-ms-20190808-17353-1wghqr6.jpg
Taal Mridang Two-Finger Statement Ring,₹289,https://media.voylla.com/fit-in/300x400/filters:max_bytes(18432):format(jpg)/i/884539/small/taal-mridang-two-finger-statement-ring-vmjai41600-ms-20190820-32250-80e6u4.jpg
Rabaari Ethnic Statement Ring,₹249,https://media.voylla.com/fit-in/300x400/filters:max_bytes(18432):format(jpg)/i/853895/small/rabaari-ethnic-statement-ring-vmjai41555-ms-20190630-16207-vxbtmh.jpg
Emerald (Panna) 7.25 Ratti Ashtadhatu Rashi Ratna Ring with original Lab Test Certificate,"₹1,249",https://media.voylla.com/fit-in/300x400/filters:max_bytes(18432):format(jpg)/i/795032/small/rashi-ratna-7-25-ratti-emerald-ring-rsjai20413-ms-20190404-12510-1d3fnd1.jpg
Garnet (Gomed) 7.25 Ratti Ashtadhatu Rashi Ratna Ring with original Lab Test Certificate,"₹1,149",https://media.voylla.com/fit-in/300x400/filters:max_bytes(18432):format(jpg)/i/795001/small/rashi-ratna-7-25-ratti-garnet-ring-rsjai20401-ms-20190404-12510-azz1b5.jpg
Garnet (Gomed) 5.25 Ratti Ashtadhatu Rashi Ratna Ring with original Lab Test Certificate,₹999,https://media.voylla.com/fit-in/300x400/filters:max_bytes(18432):format(jpg)/i/794922/small/rashi-ratna-5-25-ratti-garnet-ring-rsjai20400-ms-20190404-108183-gyz59u.jpg
Ruby (Manik) 7.25 Ratti Ashtadhatu Rashi Ratna Ring with original Lab Test Certificate,"₹1,149",https://media.voylla.com/fit-in/300x400/filters:max_bytes(18432):format(jpg)/i/794911/small/rashi-ratna-7-25-ratti-ruby-ring-rsjai20398-ms-20190404-108183-p6ytn8.jpg
Moksha Damru Adjustable Ring,₹319,https://media.voylla.com/fit-in/300x400/filters:max_bytes(18432):format(jpg)/i/821680/small/moksha-damru-adjustable-ring-vmjai40525-ms-20190605-16067-1gts9h3.jpg
Kalbelia Enamel Embellished Ring,₹629,https://media.voylla.com/fit-in/300x400/filters:max_bytes(18432):format(jpg)/i/1004954/small/kalbelia-enamel-embellished-ring-vmjai43173-ms-20210121-16749-jzygk0.jpg
Rose Gold Plated Crossover Design Ring,₹749,https://media.voylla.com/fit-in/300x400/filters:max_bytes(18432):format(jpg)/i/1004692/small/rose-gold-plated-crossover-design-ring-dcjai23717-ms-20201223-5520-12z4v0m.jpg
Women's CZ Gemstone Adorned Ring,₹279,https://media.voylla.com/fit-in/300x400/filters:max_bytes(18432):format(jpg)/i/973260/small/women-s-cz-gemstone-adorned-ring-dcjai23760-ms-20200205-32011-qymrgy.jpg
Durga Tiger's Nail Statement Ring,₹269,https://media.voylla.com/fit-in/300x400/filters:max_bytes(18432):format(jpg)/i/989350/small/durga-tiger-s-nail-statement-ring-vmjai42333-ms-20200614-3558-s9ii2d.jpg
Floral and Geometric Motifs Statement Ring,₹389,https://media.voylla.com/fit-in/300x400/filters:max_bytes(18432):format(jpg)/i/1005699/small/floral-and-geometric-motifs-statement-ring-vmjai42505-ms-20210131-1028-1ylwkr7.jpg
Casual CZ Gemstone Adorned Ring,₹279,https://media.voylla.com/fit-in/300x400/filters:max_bytes(18432):format(jpg)/i/963285/small/casual-cz-gemstone-adorned-ring-dcjai23527-ms-20200125-4810-1wr06jr.jpg
Heart Motif CZ Gems Ring,₹549,https://media.voylla.com/fit-in/300x400/filters:max_bytes(18432):format(jpg)/i/963557/small/heart-motif-cz-gems-ring-dcjai23673-ms-20200125-4810-3q00s4.jpg
Brass Flower Motifs Casual Ring,₹259,https://media.voylla.com/fit-in/300x400/filters:max_bytes(18432):format(jpg)/i/989089/small/brass-flower-motifs-casual-ring-rdbom20206-ms-20200614-3974-1ys51lt.jpg
Aarambh Charan Paduka Ring,₹309,https://media.voylla.com/fit-in/300x400/filters:max_bytes(18432):format(jpg)/i/928431/small/aarambh-charan-paduka-ring-vmjai42290-ms-20191113-26911-16618i3.jpg
Lightly Embellished Brass Ring,₹229,https://media.voylla.com/fit-in/300x400/filters:max_bytes(18432):format(jpg)/i/1004552/small/lightly-embellished-brass-ring-dcjai23106-ms-20201223-8075-4q9zn3.jpg
Teardrop Cut Zircon Ring,₹319,https://media.voylla.com/fit-in/300x400/filters:max_bytes(18432):format(jpg)/i/924141/small/teardrop-cut-zircon-ring-dcjai23048-ms-20191105-6899-1xvirnu.jpg
Brass Oval Cut CZ Gem Ring,₹659,https://media.voylla.com/fit-in/300x400/filters:max_bytes(18432):format(jpg)/i/924132/small/brass-oval-cut-cz-gem-ring-dcjai23044-ms-20191105-6899-1m3c3w4.jpg
Cluster Setting Zircons Embellished Pipe Ring,₹879,https://media.voylla.com/fit-in/300x400/filters:max_bytes(18432):format(jpg)/i/923823/small/cluster-setting-zircons-embellished-pipe-ring-dcjai23096-ms-20191105-6899-ufcw6d.jpg
Gems Adorned Brass Ring,₹449,https://media.voylla.com/fit-in/300x400/filters:max_bytes(18432):format(jpg)/i/801144/small/gems-adorned-brass-ring-2-dcjai22710-ms-20190425-18881-gj35q0.jpg
Red Coral (Munga) 3.25 Ratti Ashtadhatu Rashi Ratna Ring with original Lab Test Certificate,"₹1,449",https://media.voylla.com/fit-in/300x400/filters:max_bytes(18432):format(jpg)/i/794953/small/rashi-ratna-3-25-ratti-red-coral-ring-rsjai20414-ms-20190404-108183-gnw5ja.jpg
Bharatnatyam Drape Floral Pleats Brass Ring,₹399,https://media.voylla.com/fit-in/300x400/filters:max_bytes(18432):format(jpg)/i/751059/small/bharatnatyam-drape-floral-pleats-brass-ring-vmjai25288-ms-20180926-29377-fozncn.jpg
CZ Crown Ring,₹249,https://media.voylla.com/fit-in/300x400/filters:max_bytes(18432):format(jpg)/i/699937/small/cz-crown-ring-dcjai21518-ms-20180620-31132-1muxv4z.jpg
Gullak Ghungroo Drop Statement Ring,₹579,https://media.voylla.com/fit-in/300x400/filters:max_bytes(18432):format(jpg)/i/1028746/small/gullak-ghungroo-drop-statement-ring-vmjai43362-ms-20210616-9156-s5svmi.jpg
Gullak Numeric Print Statement Ring,₹579,https://media.voylla.com/fit-in/300x400/filters:max_bytes(18432):format(jpg)/i/1028731/small/gullak-numeric-print-statement-ring-vmjai43360-ms-20210616-9156-1gz8vx8.jpg
Gullak Crystal Stones Studded Statement Ring,₹579,https://media.voylla.com/fit-in/300x400/filters:max_bytes(18432):format(jpg)/i/1028791/small/gullak-crystal-stones-studded-statement-ring-vmjai43359-ms-20210616-9156-hii394.jpg
Gullak Numeric Statement Ring,₹629,https://media.voylla.com/fit-in/300x400/filters:max_bytes(18432):format(jpg)/i/1028741/small/gullak-numeric-statement-ring-vmjai43361-ms-20210616-9156-ln8omk.jpg
Rava Ball Trending Silver Oxidized Ring,₹649,https://media.voylla.com/fit-in/300x400/filters:max_bytes(18432):format(jpg)/i/1011145/small/rava-ball-trending-silver-oxidized-ring-vmjai43297-ms-20210409-17377-8t9k6n.jpg
Rava Ball Classy Statement Ring,₹649,https://media.voylla.com/fit-in/300x400/filters:max_bytes(18432):format(jpg)/i/1011129/small/rava-ball-classy-statement-ring-vmjai43295-ms-20210409-17377-1nr08g1.jpg
Rava Ball Silver Oxidized Plated Ring.,₹579,https://media.voylla.com/fit-in/300x400/filters:max_bytes(18432):format(jpg)/i/1011121/small/rava-ball-silver-oxidized-plated-ring-vmjai43293-ms-20210409-17377-1xxi69v.jpg
Rava Ball Silver Oxidized Statement Ring,₹699,https://media.voylla.com/fit-in/300x400/filters:max_bytes(18432):format(jpg)/i/1011117/small/rava-ball-silver-oxidized-statement-ring-vmjai43291-ms-20210409-17377-re71js.jpg
Rava Ball Square Shaped Statement Ring,₹499,https://media.voylla.com/fit-in/300x400/filters:max_bytes(18432):format(jpg)/i/1011034/small/rava-ball-square-shaped-statement-ring-vmjai43255-ms-20210409-17377-3qwp9j.jpg
Rava Ball Square Statement Ring,₹499,https://media.voylla.com/fit-in/300x400/filters:max_bytes(18432):format(jpg)/i/1011006/small/rava-ball-square-statement-ring-vmjai43296-ms-20210409-17377-1ius379.jpg
Kalbelia Enameled Statement Ring,₹399,https://media.voylla.com/fit-in/300x400/filters:max_bytes(18432):format(jpg)/i/1004931/small/kalbelia-enameled-statement-ring-1-vmjai43174-ms-20210121-28408-16we0pz.jpg
Kalbelia Red Enameled Ring,₹479,https://media.voylla.com/fit-in/300x400/filters:max_bytes(18432):format(jpg)/i/1004913/small/kalbelia-red-enameled-ring-vmjai43186-ms-20210121-28408-lc5slu.jpg
Kalbelia Enameled Statement Ring,₹799,https://media.voylla.com/fit-in/300x400/filters:max_bytes(18432):format(jpg)/i/1004875/small/kalbelia-enameled-statement-ring-vmjai43172-ms-20210121-28408-1momrct.jpg
Set of Three Brass Rings,₹799,https://media.voylla.com/fit-in/300x400/filters:max_bytes(18432):format(jpg)/i/1004468/small/set-of-three-brass-rings-dcjai23759-ms-20201223-5520-1vu5ev.jpg
Textured Surface Brass Ring,₹599,https://media.voylla.com/fit-in/300x400/filters:max_bytes(18432):format(jpg)/i/1004460/small/textured-surface-brass-ring-dcjai23751-ms-20201223-5520-1yox4fe.jpg
Three Piece Heavily Embellished Ring,₹999,https://media.voylla.com/fit-in/300x400/filters:max_bytes(18432):format(jpg)/i/1004700/small/three-piece-heavily-embellished-ring-dcjai23781-ms-20201223-5520-ycuhl8.jpg
Rose Gold Plated Cluster Setting CZ Gems Ring,₹399,https://media.voylla.com/fit-in/300x400/filters:max_bytes(18432):format(jpg)/i/1004576/small/rose-gold-plated-cluster-setting-cz-gems-ring-dcjai23720-ms-20201223-8075-3aldo2.jpg
Heavily Embellished Three Piece Ring,₹999,https://media.voylla.com/fit-in/300x400/filters:max_bytes(18432):format(jpg)/i/1004625/small/heavily-embellished-three-piece-ring-dcjai23758-ms-20201223-8075-vb1yra.jpg
Women's Gold Plated Band Ring,₹699,https://media.voylla.com/fit-in/300x400/filters:max_bytes(18432):format(jpg)/i/979982/small/women-s-gold-plated-band-ring-dcjai23767-ms-20200303-31411-kz0n0.jpg
Silver Plated Band Ring,₹499,https://media.voylla.com/fit-in/300x400/filters:max_bytes(18432):format(jpg)/i/1004512/small/silver-plated-band-ring-3-dcjai23683-ms-20201223-5520-k0iyxx.jpg
Square CZ Gems Adorned Ring,₹279,https://media.voylla.com/fit-in/300x400/filters:max_bytes(18432):format(jpg)/i/998560/small/square-cz-gems-adorned-ring-dcjai23747-ms-20200918-24021-4hq5pj.jpg
Gold Toned Zircon Adorned Stackable Rings,₹449,https://media.voylla.com/fit-in/300x400/filters:max_bytes(18432):format(jpg)/i/1004617/small/gold-toned-zircon-adorned-stackable-rings-dcjai23757-ms-20201223-5520-kl6rht.jpg
CZ Gems Adorned Women's Ring,₹509,https://media.voylla.com/fit-in/300x400/filters:max_bytes(18432):format(jpg)/i/998542/small/cz-gems-adorned-women-s-ring-1-dcjai23754-ms-20200918-16567-m2ymx2.jpg
Cluster Setting CZ Gems Adorned Ring,₹419,https://media.voylla.com/fit-in/300x400/filters:max_bytes(18432):format(jpg)/i/973731/small/cluster-setting-cz-gems-adorned-ring-dcjai23763-ms-20200205-19836-1ftu660.jpg
CZ Gems Adorned Women's Ring,₹699,https://media.voylla.com/fit-in/300x400/filters:max_bytes(18432):format(jpg)/i/962952/small/cz-gems-adorned-women-s-ring-dcjai23750-ms-20200125-3207-eann14.jpg
Cluster Setting CZ Gems Floral Motif Ring,₹749,https://media.voylla.com/fit-in/300x400/filters:max_bytes(18432):format(jpg)/i/963649/small/cluster-setting-cz-gems-floral-motif-ring-dcjai23777-ms-20200125-4810-iigq84.jpg
Emerald Cut Zircon Gem Adorned Ring,₹389,https://media.voylla.com/fit-in/300x400/filters:max_bytes(18432):format(jpg)/i/963268/small/emerald-cut-zircon-gem-adorned-ring-dcjai23776-ms-20200125-3207-18ud26d.jpg
Cutwork Design Layered Style Ring,₹399,https://media.voylla.com/fit-in/300x400/filters:max_bytes(18432):format(jpg)/i/972673/small/cutwork-design-layered-style-ring-dcjai23756-ms-20200204-1435-17rnecl.jpg
Casual Silver Plated Women's Ring,₹229,https://media.voylla.com/fit-in/300x400/filters:max_bytes(18432):format(jpg)/i/918801/small/casual-silver-plated-women-s-ring-dcjai23073-ms-20191017-16619-1crlcn9.jpg
Durga Crescent Statement Ring,₹199,https://media.voylla.com/fit-in/300x400/filters:max_bytes(18432):format(jpg)/i/918018/small/durga-crescent-statement-ring-vmjai42005-ms-20191016-21289-1ukuisp.jpg
Rose Gold Plated Casual Ring,₹419,https://media.voylla.com/fit-in/300x400/filters:max_bytes(18432):format(jpg)/i/925428/small/rose-gold-plated-casual-ring-dcjai23067-ms-20191105-21585-132sj23.jpg
Nayantara Floral Motif Statement Ring,₹299,https://media.voylla.com/fit-in/300x400/filters:max_bytes(18432):format(jpg)/i/882015/small/nayantara-floral-motif-statement-ring-vmjai41673-ms-20190808-17353-1qzdl2q.jpg
Sanwari Half Moon Ring,₹299,https://media.voylla.com/fit-in/300x400/filters:max_bytes(18432):format(jpg)/i/801634/small/sanwari-half-moon-ring-vmjai41159-ms-20190426-8133-1ld1oq1.jpg
Silver Plated Zircons Adorned Ring,₹339,https://media.voylla.com/fit-in/300x400/filters:max_bytes(18432):format(jpg)/i/808149/small/silver-plated-zircons-adorned-ring-dcjai22692-ms-20190514-1715-1uit3bo.jpg
Gems Adorned Band Style Ring,₹439,https://media.voylla.com/fit-in/300x400/filters:max_bytes(18432):format(jpg)/i/1004540/small/gems-adorned-band-style-ring-dcjai22713-ms-20201223-5520-jblv3a.jpg
Red Coral (Munga) 5.25 Ratti Ashtadhatu Rashi Ratna Ring with original Lab Test Certificate,"₹1,999",https://media.voylla.com/fit-in/300x400/filters:max_bytes(18432):format(jpg)/i/795043/small/rashi-ratna-5-25-ratti-red-coral-ring-rsjai20415-ms-20190404-12510-14wk65v.jpg
Rava Ball Oxidized Gold Plated Ring.,₹579,https://media.voylla.com/fit-in/300x400/filters:max_bytes(18432):format(jpg)/i/1011002/small/rava-ball-oxidized-gold-plated-ring-vmjai43252-ms-20210409-17377-whu439.jpg
Smooth Surface Silver Plated Band Ring,"₹1,049",https://media.voylla.com/fit-in/300x400/filters:max_bytes(18432):format(jpg)/i/1004585/small/smooth-surface-silver-plated-band-ring-dcjai23674-ms-20201223-8075-2a4ykk.jpg
Green and White CZ Gems Ring,₹799,https://media.voylla.com/fit-in/300x400/filters:max_bytes(18432):format(jpg)/i/989037/small/green-and-white-cz-gems-ring-dcjai23672-ms-20200614-3974-1xmwqbk.jpg
Set of Three Zircons Embellished Ring,₹999,https://media.voylla.com/fit-in/300x400/filters:max_bytes(18432):format(jpg)/i/1004495/small/set-of-three-zircons-embellished-ring-dcjai23670-ms-20201223-8075-1fnlmxe.jpg
Victorian Inspired CZ Gems Adorned Ring,₹799,https://media.voylla.com/fit-in/300x400/filters:max_bytes(18432):format(jpg)/i/993814/small/victorian-inspired-cz-gems-adorned-ring-dcjai23666-ms-20200728-11019-xvgpy5.jpg
Yellow Gold Plated Chain Ring,₹599,https://media.voylla.com/fit-in/300x400/filters:max_bytes(18432):format(jpg)/i/1004451/small/yellow-gold-plated-chain-ring-dcjai23741-ms-20201223-5520-13w7voq.jpg
Casual Style Lightly Embellished Ring,₹499,https://media.voylla.com/fit-in/300x400/filters:max_bytes(18432):format(jpg)/i/1004428/small/casual-style-lightly-embellished-ring-dcjai23682-ms-20201223-8075-fdoud2.jpg
CZ Gems Adorned Band Ring,₹899,https://media.voylla.com/fit-in/300x400/filters:max_bytes(18432):format(jpg)/i/1004443/small/cz-gems-adorned-band-ring-4-dcjai23681-ms-20201223-5520-13svekd.jpg
Square Cut Zircon Gemstones Adorned Ring,₹809,https://media.voylla.com/fit-in/300x400/filters:max_bytes(18432):format(jpg)/i/1004435/small/square-cut-zircon-gemstones-adorned-ring-dcjai23679-ms-20201223-5520-gn434d.jpg
Zircon Gemstone Adorned Rose Gold Plated Ring,₹569,https://media.voylla.com/fit-in/300x400/filters:max_bytes(18432):format(jpg)/i/1004415/small/zircon-gemstone-adorned-rose-gold-plated-ring-dcjai23726-ms-20201223-8075-ysjer2.jpg
Cluster Setting Zircon Gems Band Ring,₹899,https://media.voylla.com/fit-in/300x400/filters:max_bytes(18432):format(jpg)/i/979567/small/cluster-setting-zircon-gems-band-ring-dcjai23694-ms-20200303-32566-r071rl.jpg
Princess Cut CZ Gem Adorned Ring,₹899,https://media.voylla.com/fit-in/300x400/filters:max_bytes(18432):format(jpg)/i/998822/small/princess-cut-cz-gem-adorned-ring-1-dcjai23742-ms-20200918-16567-1237ks6.jpg
Yellow Gold Plated CZ Gems Adorned Ring,₹899,https://media.voylla.com/fit-in/300x400/filters:max_bytes(18432):format(jpg)/i/1004652/small/yellow-gold-plated-cz-gems-adorned-ring-dcjai23740-ms-20201223-8075-1qroxl1.jpg
Black Rhodium Plated Three Piece Ring,₹799,https://media.voylla.com/fit-in/300x400/filters:max_bytes(18432):format(jpg)/i/979941/small/black-rhodium-plated-three-piece-ring-dcjai23713-ms-20200303-31411-jyf5rj.jpg
Designer Inspired Black Rhodium Plated Ring,₹699,https://media.voylla.com/fit-in/300x400/filters:max_bytes(18432):format(jpg)/i/979547/small/designer-inspired-black-rhodium-plated-ring-dcjai23710-ms-20200303-32566-194co5z.jpg
Black Rhodium Plated Cluster Setting Zircon Gems Ring,₹399,https://media.voylla.com/fit-in/300x400/filters:max_bytes(18432):format(jpg)/i/979933/small/black-rhodium-plated-cluster-setting-zircon-gems-ring-dcjai23695-ms-20200303-31411-106x24l.jpg
Three Prong Setting CZ Gem Ring,₹399,https://media.voylla.com/fit-in/300x400/filters:max_bytes(18432):format(jpg)/i/979929/small/three-prong-setting-cz-gem-ring-dcjai23693-ms-20200303-31411-y3admp.jpg
Zircon Gems Adorned Band Ring,₹699,https://media.voylla.com/fit-in/300x400/filters:max_bytes(18432):format(jpg)/i/1004608/small/zircon-gems-adorned-band-ring-2-dcjai23671-ms-20201223-5520-ibqi6t.jpg
Cluster Setting CZ Gems Band Ring,₹899,https://media.voylla.com/fit-in/300x400/filters:max_bytes(18432):format(jpg)/i/1004684/small/cluster-setting-cz-gems-band-ring-1-dcjai23731-ms-20201223-5520-ln0lb6.jpg
Emerald Cut CZ Gem Adorned Ring,₹899,https://media.voylla.com/fit-in/300x400/filters:max_bytes(18432):format(jpg)/i/1004688/small/emerald-cut-cz-gem-adorned-ring-dcjai23725-ms-20201223-5520-1j40xml.jpg
Grapevine Pattern CZ Gems Embellished Ring,₹599,https://media.voylla.com/fit-in/300x400/filters:max_bytes(18432):format(jpg)/i/979077/small/grapevine-pattern-cz-gems-embellished-ring-dcjai23724-ms-20200301-7313-d1fdi.jpg
Black Rhodium Plated Band Ring,₹399,https://media.voylla.com/fit-in/300x400/filters:max_bytes(18432):format(jpg)/i/979068/small/black-rhodium-plated-band-ring-dcjai23708-ms-20200301-7313-1xzuigh.jpg
Irregular Cut CZ Gems Adorned Ring,₹599,https://media.voylla.com/fit-in/300x400/filters:max_bytes(18432):format(jpg)/i/979064/small/irregular-cut-cz-gems-adorned-ring-dcjai23702-ms-20200301-7313-1tw1zza.jpg
CZ Gem Embellished Band Ring,₹899,https://media.voylla.com/fit-in/300x400/filters:max_bytes(18432):format(jpg)/i/979060/small/cz-gem-embellished-band-ring-dcjai23696-ms-20200301-7313-ugsbqw.jpg
CZ Gems Adorned Designer Inspired Ring,₹449,https://media.voylla.com/fit-in/300x400/filters:max_bytes(18432):format(jpg)/i/979155/small/cz-gems-adorned-designer-inspired-ring-dcjai23667-ms-20200301-2607-43n7ro.jpg
Rose Gold Plated Band Ring,₹389,https://media.voylla.com/fit-in/300x400/filters:max_bytes(18432):format(jpg)/i/979525/small/rose-gold-plated-band-ring-4-dcjai23718-ms-20200303-32566-tqb9b0.jpg
Square Shaped Women's Ring,₹299,https://media.voylla.com/fit-in/300x400/filters:max_bytes(18432):format(jpg)/i/1004676/small/square-shaped-women-s-ring-dcjai23688-ms-20201223-8075-1fqwrmx.jpg
Cutwork Design Brass Ring,₹389,https://media.voylla.com/fit-in/300x400/filters:max_bytes(18432):format(jpg)/i/974527/small/cutwork-design-brass-ring-dcjai23714-ms-20200207-3592-4ofhjm.jpg
CZ Embellished Stackable Rings,₹449,https://media.voylla.com/fit-in/300x400/filters:max_bytes(18432):format(jpg)/i/975517/small/cz-embellished-stackable-rings-dcjai23712-ms-20200209-24913-17a9e39.jpg
Zircon Gems Adorned Statement Ring,₹449,https://media.voylla.com/fit-in/300x400/filters:max_bytes(18432):format(jpg)/i/975257/small/zircon-gems-adorned-statement-ring-dcjai23707-ms-20200207-24804-1gml6lf.jpg
Band Style Women's Ring,₹559,https://media.voylla.com/fit-in/300x400/filters:max_bytes(18432):format(jpg)/i/974798/small/band-style-women-s-ring-dcjai23698-ms-20200207-3592-1jec05u.jpg
Casual Style Zircon Gems Ring,₹449,https://media.voylla.com/fit-in/300x400/filters:max_bytes(18432):format(jpg)/i/1004562/small/casual-style-zircon-gems-ring-dcjai23697-ms-20201223-5520-1p8tjg8.jpg
Square Cut Zircon Adorned Ring,₹569,https://media.voylla.com/fit-in/300x400/filters:max_bytes(18432):format(jpg)/i/963302/small/square-cut-zircon-adorned-ring-2-dcjai23739-ms-20200125-4810-x7hw62.jpg
Women's CZ Gems Embellished Band Ring,₹699,https://media.voylla.com/fit-in/300x400/filters:max_bytes(18432):format(jpg)/i/963645/small/women-s-cz-gems-embellished-band-ring-dcjai23687-ms-20200125-4810-t40h1f.jpg
Zircon Gems Adorned Cocktail Ring,₹899,https://media.voylla.com/fit-in/300x400/filters:max_bytes(18432):format(jpg)/i/963641/small/zircon-gems-adorned-cocktail-ring-dcjai23669-ms-20200125-4810-10catjf.jpg
Zircon Gemstones Embellished Band Ring,₹509,https://media.voylla.com/fit-in/300x400/filters:max_bytes(18432):format(jpg)/i/963206/small/zircon-gemstones-embellished-band-ring-dcjai23700-ms-20200125-3207-xfgjyx.jpg
Geometric Design Brass Ring,₹699,https://media.voylla.com/fit-in/300x400/filters:max_bytes(18432):format(jpg)/i/963194/small/geometric-design-brass-ring-1-dcjai23690-ms-20200125-3207-1az1oxo.jpg
Simple Square Women's Ring,₹279,https://media.voylla.com/fit-in/300x400/filters:max_bytes(18432):format(jpg)/i/963202/small/simple-square-women-s-ring-dcjai23706-ms-20200125-3207-eyzmbw.jpg
Knotted Style CZ Gems Adorned Ring,₹719,https://media.voylla.com/fit-in/300x400/filters:max_bytes(18432):format(jpg)/i/963190/small/knotted-style-cz-gems-adorned-ring-dcjai23692-ms-20200125-3207-rdweej.jpg
Band Style Brass Ring,₹699,https://media.voylla.com/fit-in/300x400/filters:max_bytes(18432):format(jpg)/i/963569/small/band-style-brass-ring-dcjai23691-ms-20200125-4810-1rt6tua.jpg
Cluster Setting CZ Gems Ring,₹899,https://media.voylla.com/fit-in/300x400/filters:max_bytes(18432):format(jpg)/i/1004708/small/cluster-setting-cz-gems-ring-2-dcjai23743-ms-20201223-5520-2a3y4h.jpg
Dual Circles Brass Ring,₹449,https://media.voylla.com/fit-in/300x400/filters:max_bytes(18432):format(jpg)/i/963182/small/dual-circles-brass-ring-dcjai23668-ms-20200125-3207-ryx4kl.jpg
Simple Brass Band Ring,₹249,https://media.voylla.com/fit-in/300x400/filters:max_bytes(18432):format(jpg)/i/932046/small/simple-brass-band-ring-dcjai23072-ms-20191127-26588-1mwo7x4.jpg
Temple of Love Aztec Motif Ring,₹209,https://media.voylla.com/fit-in/300x400/filters:max_bytes(18432):format(jpg)/i/1005413/small/temple-of-love-aztec-motif-ring-vmjai42023-ms-20210131-1028-1opzucz.jpg
Mandana Goddess Feet Ring,₹339,https://media.voylla.com/fit-in/300x400/filters:max_bytes(18432):format(jpg)/i/924896/small/mandana-goddess-feet-ring-vmjai42077-ms-20191105-21585-8e506g.jpg
Aztec Bar Long Bar Ring,₹269,https://media.voylla.com/fit-in/300x400/filters:max_bytes(18432):format(jpg)/i/919767/small/aztec-bar-long-bar-ring-vmjai41981-ms-20191019-10746-oadr9c.jpg
Layered Style Band Ring,₹569,https://media.voylla.com/fit-in/300x400/filters:max_bytes(18432):format(jpg)/i/925157/small/layered-style-band-ring-dcjai23075-ms-20191105-21585-loe6uf.jpg
Square Cut CZ Gem Ring,₹399,https://media.voylla.com/fit-in/300x400/filters:max_bytes(18432):format(jpg)/i/912888/small/square-cut-cz-gem-ring-dcjai23055-ms-20190926-4385-16skijt.jpg
Indigo Affair Enameled Statement Ring,₹239,https://media.voylla.com/fit-in/300x400/filters:max_bytes(18432):format(jpg)/i/911493/small/indigo-affair-enameled-statement-ring-vmjai41916-ms-20190925-24312-ryxhb1.jpg
Casual Pair of Brass Rings,₹339,https://media.voylla.com/fit-in/300x400/filters:max_bytes(18432):format(jpg)/i/923806/small/casual-pair-of-brass-rings-dcjai23090-ms-20191105-6899-fib13.jpg
Women's Ethnic Finger Ring,₹429,https://media.voylla.com/fit-in/300x400/filters:max_bytes(18432):format(jpg)/i/808108/small/women-s-ethnic-finger-ring-mpbom20911-ms-20190511-6988-16u045p.jpg
Troika Tri Color Flower Ring,₹839,https://media.voylla.com/fit-in/300x400/filters:max_bytes(18432):format(jpg)/i/956910/small/troika-tri-color-flower-ring-dcjai22783-ms-20200109-9931-b3b7jc.jpg
CZ Flower Motif Brass Ring,₹259,https://media.voylla.com/fit-in/300x400/filters:max_bytes(18432):format(jpg)/i/793089/small/cz-flower-motif-brass-ring-dcjai22434-ms-20190326-11452-3wzphb.jpg
CZ Round Cut Gem Floral Ring,₹299,https://media.voylla.com/fit-in/300x400/filters:max_bytes(18432):format(jpg)/i/770509/small/cz-round-cut-gem-floral-ring-dcjai22428-ms-20181226-9160-1y3kehv.jpg
CZ Square Cut Gem Ring,₹369,https://media.voylla.com/fit-in/300x400/filters:max_bytes(18432):format(jpg)/i/792363/small/cz-square-cut-gem-ring-1-dcjai22416-ms-20190319-103670-11f00py.jpg
Moksha Adjustable Inscribed Ring,₹219,https://media.voylla.com/fit-in/300x400/filters:max_bytes(18432):format(jpg)/i/782686/small/moksha-adjustable-inscribed-ring-vmjai40523-ms-20190202-4915-jbzax0.jpg
Kesar Floral Adjustable Ring,₹199,https://media.voylla.com/fit-in/300x400/filters:max_bytes(18432):format(jpg)/i/765611/small/kesar-floral-adjustable-ring-vmjai40437-ms-20181204-25402-3xnluw.jpg
Yellow Gold Plated 9 to 5 Brass Ring,₹269,https://media.voylla.com/fit-in/300x400/filters:max_bytes(18432):format(jpg)/i/746338/small/yellow-gold-plated-9-to-5-brass-ring-dcjai21486-ms-20180912-4545-36z4mg.jpg
Princess Cut CZ Gemstone Ring,₹899,https://media.voylla.com/fit-in/300x400/filters:max_bytes(18432):format(jpg)/i/1004503/small/princess-cut-cz-gemstone-ring-1-dcjai23677-ms-20201223-5520-1qcyg1x.jpg
Women's Cutwork Pattern Ring,"₹1,069",https://media.voylla.com/fit-in/300x400/filters:max_bytes(18432):format(jpg)/i/989025/small/women-s-cutwork-pattern-ring-dcjai23662-ms-20200614-3974-n2jubg.jpg
Cutwork Design Women's Ring,"₹1,069",https://media.voylla.com/fit-in/300x400/filters:max_bytes(18432):format(jpg)/i/989219/small/cutwork-design-women-s-ring-dcjai23661-ms-20200614-3558-jpswtd.jpg
Red and White CZ Gems Ring,"₹1,069",https://media.voylla.com/fit-in/300x400/filters:max_bytes(18432):format(jpg)/i/989021/small/red-and-white-cz-gems-ring-dcjai23660-ms-20200614-3974-1t2z8tb.jpg
Teardrop Cut Zircon Adorned Ring,₹899,https://media.voylla.com/fit-in/300x400/filters:max_bytes(18432):format(jpg)/i/989017/small/teardrop-cut-zircon-adorned-ring-dcjai23658-ms-20200614-3974-10ilyy1.jpg
Cluster Setting Zircon Gems Adorned Ring,₹839,https://media.voylla.com/fit-in/300x400/filters:max_bytes(18432):format(jpg)/i/1004487/small/cluster-setting-zircon-gems-adorned-ring-dcjai23656-ms-20201223-8075-1jkx4ed.jpg
Rose Gold Plated Designer Inspired Ring,₹699,https://media.voylla.com/fit-in/300x400/filters:max_bytes(18432):format(jpg)/i/1004485/small/rose-gold-plated-designer-inspired-ring-1-dcjai23653-ms-20201223-5520-trkby8.jpg
Designer Inspired Brass Finger Ring,₹699,https://media.voylla.com/fit-in/300x400/filters:max_bytes(18432):format(jpg)/i/989009/small/designer-inspired-brass-finger-ring-dcjai23652-ms-20200614-3974-324n7v.jpg
Cutwork Design CZ Gems Adorned Ring,₹699,https://media.voylla.com/fit-in/300x400/filters:max_bytes(18432):format(jpg)/i/979543/small/cutwork-design-cz-gems-adorned-ring-dcjai23648-ms-20200303-32566-bnfpam.jpg
Princess Cut CZ Gem Adorned Ring,₹899,https://media.voylla.com/fit-in/300x400/filters:max_bytes(18432):format(jpg)/i/1004677/small/princess-cut-cz-gem-adorned-ring-dcjai23721-ms-20201223-5520-1h7e72k.jpg
Udaipur Kundan Adorned Statement Ring,₹699,https://media.voylla.com/fit-in/300x400/filters:max_bytes(18432):format(jpg)/i/973735/small/faux-kundan-gems-adorned-statement-ring-vmjai41589-ms-20200205-19836-9wdkuy.jpg
